name,RootTemplate,using,Weight
CLIMB_Crate,24d8db62-65d4-41f1-8d6a-2e7fd05cf85f,_BaseItem,10000
DEN_Apprentice_Antidote,25fea821-5ec1-4052-bd6c-60c249e72a79,OBJ_Antitoxin,
QUEST_CaptureFlask,eab1eab0-17a0-471a-bd6f-9ccc988bc050,OBJ_GenericLootItem,
QUEST_Boo,96c02591-b827-4c05-b12b-a1c67464a6f9,_Container,
QUEST_GOB_GoblinBoozeTub,8c5b446c-8114-4e3b-ad3e-d85d70d110ca,_Destructible,
QUEST_GOB_GoblinBoozeTub_Poisoned,015ac04c-2568-4668-a672-339448c58154,QUEST_GOB_GoblinBoozeTub,
OBJ_DEN_BadGruel,8ae93c63-7345-4ff4-8a7f-2c7cd23cbe10,CONS_GenericFoodItem,1000
QUEST_CHA_HeavyVase,ed7d57f9-cd5a-4fd4-bdf6-d8b8a6ee10b3,OBJ_Vase,15000
QUEST_FOR_SussurBark,ea99e006-80e1-414a-8995-c03d92eaf170,_BaseItem,0
QUEST_FOR_Adamant,a9cb6a33-c0b1-43fc-a40c-44e1c24b032a,_BaseItem,5
QUEST_FOR_AdamantBar,c6e7eaf7-f823-41fb-8260-c33b89dd756d,QUEST_FOR_Adamant,5
HAG_Mothers_Loathing,d4fc499a-945e-4e0b-a4db-ba6157281616,_Hag_Potions,
HAG_Broken_Promises,3575950d-c41a-448d-bb2d-cd08c78c88c6,_Hag_Potions,
HAG_Faltering_Will,4d37061a-901d-47d7-9c11-4237e34b98a1,_Hag_Potions,
HAG_Heart_Of_Stone,0e54d347-dffa-4d13-92c0-74c82decefba,_Hag_Potions,
HAG_Insanitys_Kiss,b1b5590b-e246-4e33-acaa-5984b2e2306f,_Hag_Potions,
HAG_Lost_Time,a46558fe-54a8-4720-a12e-7470e072a9d7,_Hag_Potions,
HAG_Lovers_Avarice,920dcb59-b732-4d97-ae1a-fadbb5955fe5,_Hag_Potions,
HAG_Missing_Pets,44da51b6-6d05-488c-9097-99dd6c795ed3,_Hag_Potions,
HAG_Stillborn,9d98eb5a-08c1-471a-84d5-76dbb098f160,_Hag_Potions,
HAG_Wilted_Dreams,2a507888-cf2b-425a-8920-dc0ca35cfa2e,_Hag_Potions,
GOB_Priestess_Statue,3cb2cf4d-4126-4d78-9215-a345b10bdc23,_BaseItem,
DEN_Horn,e89505df-2be5-4b3c-b1bc-c49e77c4b866,OBJ_Indestructible_Heavy,
DEN_GoblinPoisoning_EthelBrew,29414a52-2dee-4386-a6a2-ae05fd44d47d,_Poison,
CRA_ShellKid_Cup,957de976-3099-42b0-a429-823b5800e49e,CONS_DRINK_Water,
CRA_ShellKid_Stone,d9e2e790-ef5d-4b97-a553-275d70e0df93,OBJ_Diamond,
DEN_EldathIdol,bedb61cb-9cce-45c9-b882-68f1c5d354d8,OBJ_GenericLootItem,50000
CRA_Fisher_LoveLetter,4e00f7f9-7ee0-4eaa-be95-db3f0ad9427a,OBJ_Scroll,
GOB_RoastingDwarf_Meat,c245cb1a-ecfb-4dac-b686-26013dbb00d9,CONS_FOOD_GoatMeat,
UND_Wand_Fireballs_Crooked,7fe2b8bb-473a-4a1b-96a6-840a629c2444,TOOL_Wand_Fireballs,
FOR_PLT_Floor,de8b63e8-1223-4a56-9541-9eede1eea679,_Destructible,500
GLO_SoulCoin,8c68e68d-96d4-45d6-804c-5f31ac948ff3,OBJ_GenericLootItem,5
QUEST_HAG_HagHair_Wisdom,de2c9582-fab5-4d5e-9a81-44d67af6a681,OBJ_GenericLootItem,
QUEST_HAG_HagHair_Strength,8f6b0c08-d1b1-4ae7-ade2-da3c679ce323,OBJ_GenericLootItem,
QUEST_HAG_HagHair_Constitution,d16922ba-a36b-4015-8072-27610821fb53,OBJ_GenericLootItem,
QUEST_HAG_HagHair_Dexterity,7e3afbf6-4e1a-444e-826d-f8e0e0a8308f,OBJ_GenericLootItem,
QUEST_HAG_HagHair_Intelligence,9abbab89-d29f-47c0-9ffe-f12018dd83d9,OBJ_GenericLootItem,
QUEST_HAG_HagHair_Charisma,eec5de82-c988-40e6-8f10-474d5675c550,OBJ_GenericLootItem,
QUEST_CMB_StalkBulb,88fbb698-6dd9-4239-a29c-51606b95af1c,_Destructible,
DEN_RuneRepaired,c3db2da6-48ca-4875-bf20-fef526feb4b3,OBJ_GenericImmutableAttackableObject,
FOR_ThayanMirror,a7bf1435-ec62-4ac2-9eea-5900471046c6,OBJ_GenericImmutableAttackableObject,
UND_ArcanePowerGenerator,73fd1af9-ba3e-4e9a-b99f-8cb2e227821b,_Indestructible,
FOR_ForgeWithSussurBark,077573ae-45d0-4aeb-b6b1-a69e4b62d360,OBJ_SmeltingForge,
HAG_PoisonApple,1617582e-5c09-460a-8ae7-7be77803955d,CONS_FOOD_Fruit_Apple,
HAG_AntidotePear,7b3d0c97-9b8a-4e72-bb3d-da0c1d020087,CONS_FOOD_Fruit_Pear,
GLO_CursedIronFlask,369c04b5-992b-4bde-8451-1eac0a3376ea,_Grenade,
DEN_PoisonousThorn,91c883ff-9c21-4da8-bc34-1eab397e92ab,OBJ_GenericLootItem,
OBJ_BeerBarrel,656a750f-3c2e-4fab-af12-aa0d8e913e56,_Furniture,15000
OBJ_BeerBarrelPoisoned,5cba999f-57ba-4ba0-89df-266b1b914b6a,OBJ_BeerBarrel,
OBJ_WaterPump,04713dce-8944-4b6c-9dc1-55e731f18810,OBJ_GenericImmutableObject,
OBJ_Candle,34df8770-06c5-4752-a7b6-25d4f64d64dc,_LightSource,50
OBJ_Torch,9429fe44-1eb2-4589-861e-6257a2a41553,_LightSource,500
OBJ_Chest,3baeb26e-7d36-4d5c-95fd-9352f2e4bbc4,_Container,20000
OBJ_Chest_Heavy,0b90bf9d-66fd-4741-be1f-39181efca97a,OBJ_Chest,50000
OBJ_Chest_Heavy_Small,e08b2a75-424d-4827-a9c8-adf00a314f2b,OBJ_Chest_Heavy,10000
OBJ_Chest_Wicker,b8bfef23-3f4e-4a82-86dc-2b7b6abbddb8,OBJ_Chest,5000
OBJ_Chest_Wicker_Small,27876bb2-4de2-4f56-9090-f1cf319e79a4,OBJ_Chest_Wicker,2500
OBJ_Chest_Wood,5f089bb9-1816-43b8-8e44-f2d58804ea23,OBJ_Chest,20000
OBJ_Chest_Wood_Small,3339e045-a078-407b-9fb8-2af0d297e62a,OBJ_Chest_Wood,10000
OBJ_Chest_JewelBox,b026a976-7a5f-49e2-8b71-4aa102803251,OBJ_Chest,5000
OBJ_Rope,63400c5f-cc10-4009-8d8f-b01dbb47060a,_Loot,100
OBJ_Rope_Pier,df2f61bb-be7c-48d0-a9fd-1bfe8d5be73a,OBJ_Rope,1000
OBJ_Agate,75808952-29b8-4840-81e1-fcdd93155ddd,OBJ_GemGeneric,
OBJ_Malachite,560e773d-6825-4cbd-83c1-9d8e4f53a704,OBJ_GemGeneric,
OBJ_Onyx,6cbbe9f6-c346-4d6c-b1f1-4cbe6aaf99ef,OBJ_GemGeneric,
OBJ_Bloodstone,a92ee8db-142f-4a2a-af64-78e3aec36832,OBJ_GemGeneric,
OBJ_Jade,94fb73e8-668a-499f-a88f-54d24c6947a7,OBJ_GemGeneric,
OBJ_Pearl,31d1a9c1-bac0-4738-87ef-23f67b492051,OBJ_GemGeneric,
OBJ_Amethyst,20626173-dd4d-497e-94f9-b2000a86def9,OBJ_GemGeneric,
OBJ_Topaz,55524c47-c62f-45ac-8505-426cb04707c9,OBJ_GemGeneric,
OBJ_Peridot,dc9e7cfb-3702-48c7-aa50-b6ce74250944,OBJ_GemGeneric,
OBJ_Sapphire,0371fa33-7dae-4980-8468-6d8e99824af6,OBJ_GemGeneric,
OBJ_Ruby,b085e96d-e199-467f-b6a8-5d9d44e3cb21,OBJ_GemGeneric,
OBJ_Jacinth,7b1ce21b-809f-4965-b52f-53fe10de6b30,OBJ_GemGeneric,
OBJ_Diamond,440f4817-5d30-4867-a982-5b8094ace403,OBJ_GemGeneric,
OBJ_DiamondDark,82d4f21d-11c8-47dd-a69f-dcfb3103ff76,OBJ_GemGeneric,
OBJ_Crystal_ChasmCreeper,b964697f-1f1d-48d5-8772-d5edfdd0ed39,OBJ_GemGeneric,
OBJ_Crystal_SylvanStone,1524e46d-179d-4785-99ce-f515e1c52e32,OBJ_GemGeneric,
OBJ_Crystal_Laculite,7483130a-0b77-499e-be31-487811203af1,OBJ_GemGeneric,
OBJ_Crystal_LolthsCandle,6f023cc2-467c-4931-90af-ba0c3f751eee,OBJ_GemGeneric,
OBJ_Crystal_Viridian,8037a20b-a2bf-41c9-b509-bb6b455c778c,OBJ_GemGeneric,
OBJ_Crystal_PurpleFluorite_Mineable,e5196c3f-ddc9-42df-9273-1206de1b4a60,_Building,
OBJ_Crystal_PurpleFluorite_Shard,fef1900a-402c-455f-8c63-87bdaedac6d7,OBJ_GemGeneric,
OBJ_Kitchenware_Cutlery_Ladle,07f03f85-7eba-4f4e-ab8f-e51979a45ce7,OBJ_KitchenwareGeneric,
OBJ_Kitchenware_Cutlery_Ladle_Wood,d9b9ce80-5ed0-44f1-8494-6f835f9b2859,OBJ_Kitchenware_Cutlery_Ladle,
OBJ_Kitchenware_Cutlery_Fork_Iron,4b7c07ef-1f95-478d-859f-32f1ad98687b,OBJ_KitchenwareGeneric,
OBJ_Kitchenware_Cutlery_Fork_Poor,8c17a2e5-e742-4fac-a0d6-10289be28c72,OBJ_KitchenwareGeneric,
OBJ_Kitchenware_Cutlery_Spoon_Poor,e83fd649-56ae-4204-93f5-55f3b112417c,OBJ_KitchenwareGeneric,
OBJ_Kitchenware_Cutlery_Knife_Poor,7d9a414b-2b5a-4672-87c5-65dd8cebe598,OBJ_KitchenwareGeneric,
OBJ_Cauldron,676138d7-60ba-432b-8483-9665d1920007,OBJ_KitchenwareGeneric_Medium,10000
OBJ_Cauldron_B,de2bb388-5863-4504-95aa-dd694f11f1a6,OBJ_Cauldron,10000
OBJ_Cauldron_C,2f9eb358-4cf3-49b0-97ab-2d6cabb9a2a5,OBJ_Cauldron,10000
OBJ_Cauldron_Lid,d8356714-c76c-4fb3-a556-da69b6ed43bd,OBJ_KitchenwareGeneric_Medium,
OBJ_Cauldron_Lid_B,08cd45a5-9a73-41ad-90a1-d24447b09a93,OBJ_Cauldron_Lid,
OBJ_Cauldron_Lid_C,eb31fae0-262e-4c27-9c39-93604cdac7cb,OBJ_Cauldron_Lid,
OBJ_Bowl,18303ee3-884d-41ed-8bf9-3a1742f27a75,OBJ_KitchenwareGeneric_Small,
OBJ_MilkCan,3258852b-21eb-4242-80f5-ae9a6792ee4b,OBJ_KitchenwareGeneric_Medium,
OBJ_MilkCan_Ancient,b278764c-d7ab-4ccf-a75e-e235a6a56d87,OBJ_MilkCan,
OBJ_PaintingCanvas,e028bac5-f393-4d6a-9873-670241d721ac,_Loot,1050
OBJ_Painting_Landscape_A,5d925f9b-f87e-4733-9410-01b27544b021,OBJ_PaintingCanvas,
OBJ_Painting_Landscape_B,95d01198-8b6d-41c0-bfab-ca02663263f3,OBJ_PaintingCanvas,
OBJ_Painting_Landscape_C,9c1bf73c-a5ac-4b57-83fe-01c24cd39945,OBJ_PaintingCanvas,
OBJ_Painting_Landscape_D,102e1da1-a0e0-445b-9bc7-b5efaecc06f4,OBJ_PaintingCanvas,
OBJ_Painting_Landscape_E,ec019ea0-e8bb-49e4-95b3-7a7324596188,OBJ_PaintingCanvas,
OBJ_Painting_Landscape_F,6170715b-1654-46bc-9ac6-93dca8550e1f,OBJ_PaintingCanvas,
OBJ_Painting_Landscape_G,ce2f870e-e735-4355-ae87-acf5971d2fef,OBJ_PaintingCanvas,
OBJ_Painting_Landscape_H,c14556e6-db25-4d4f-b0ed-2b1041d03148,OBJ_PaintingCanvas,
OBJ_Painting_Landscape_I,c845b437-0ca4-4471-90c9-18bb53842aff,OBJ_PaintingCanvas,
OBJ_Painting_Landscape_J,a59ad0fa-c4b8-40a9-b4f0-91b2b662071f,OBJ_PaintingCanvas,
OBJ_Painting_Portrait_Generic,82ad7f96-b84c-4ab0-98bb-b534c69726ba,OBJ_PaintingCanvas,
OBJ_Skull,231afb29-b79c-4efd-af23-2e433dea313d,_Loot,100
OBJ_Bone,876c66a6-018c-48fe-8406-d90561d3db23,_Loot,100
OBJ_AutomatonPart,9c943199-0b97-45b4-8915-a8aa9399125b,_Loot,
OBJ_AutomatonPart_B,a7fd3f38-c9dc-4866-a686-30f056c125b5,OBJ_AutomatonPart,
OBJ_AutomatonPart_C,e6913649-f9b7-4102-ad40-c3576a44410f,OBJ_AutomatonPart,
OBJ_Bedlinen,41e87646-aec7-4411-9e2b-14a17d3ffe31,_Loot,
OBJ_Bucket,158682d3-4b6a-4952-aa88-af74a256f880,_Loot,
OBJ_Cup,66ee4e64-a517-4570-8c37-dd7b42cab6ee,_Loot,50
OBJ_Cup_Rich,66ee4e64-a517-4570-8c37-dd7b42cab6ee,OBJ_Cup,50
Cup_Wood,2add6f00-eb1c-4f86-bf7f-73e2c68ad5de,OBJ_Cup,
Cup_Metal,2add6f00-eb1c-4f86-bf7f-73e2c68ad5de,OBJ_Cup,
Cup_Metal_B,ab081706-d6a4-4d6f-a148-8a774be32608,Cup_Metal,
Cup_Metal_C,6aea565d-0132-4ea2-8bdf-53398a50b975,Cup_Metal,
Cup_Metal_D,bf8738af-7637-45f3-ad2d-123d17def4f7,Cup_Metal,
Cup_Metal_E,31d47753-7713-461f-a65b-da4339939cf2,Cup_Metal,
Cup_Metal_F,5d1731b3-1fd3-48db-bf48-eb5e57b4c1c9,Cup_Metal,
Cup_Mug_Metal,9ab9c085-4d24-4b78-85ac-e16b19107ba7,Cup_Metal,
Cup_Silver,308cd520-49df-4164-8b22-66e61d76d135,OBJ_Cup,
Cup_Silver_B,84764003-f9e7-48d6-a07b-6cf095d6c8de,Cup_Silver,
Cup_Silver_C,a3b41509-297e-4cd9-9af2-adb42ff81919,Cup_Silver,
Cup_Silver_D,b201b996-3723-43f9-af62-ec5c2bc1901d,Cup_Silver,
Cup_Silver_E,05b61de5-bc19-485a-8c2b-6923284e40aa,Cup_Silver,
Cup_Silver_F,a0308f7e-e57e-4e21-9dc1-c51bf7680997,Cup_Silver,
Cup_Silver_G,c37d61c4-b1b4-4068-9475-3e659a4d8443,Cup_Silver,
Cup_Silver_H,7dce8ff0-d6e7-42ec-b462-b33a2624552a,Cup_Silver,
DiningPlate_Silver_A,dcfb0c0f-37ef-40a5-a159-b202058c10df,OBJ_GenericLootItem,
DiningPlate_Silver_B,7fd37e34-c4c1-4a9e-839c-cc0eb1a1c173,DiningPlate_Silver_A,
DiningPlate_Silver_C,f12b835a-8b46-4850-9764-f5b9286862c8,DiningPlate_Silver_A,
DiningPlate_Silver_D,1cee0cb5-5a6a-4ed5-9cc3-636083121ac0,DiningPlate_Silver_A,
DiningPlate_Silver_E,a1b87ffe-d482-4196-9299-41c78f5fbc1b,DiningPlate_Silver_A,
DiningPlate_Silver_F,37e863e6-4e31-4d5a-82c6-38ff874de447,DiningPlate_Silver_A,
DiningPlate_Silver_G,91ea5049-b91f-4de8-a9a4-7be02e801b3f,DiningPlate_Silver_A,
DiningPlate_Silver_H,e99a7542-7058-45ff-97b8-0d85af6d675f,DiningPlate_Silver_A,
DiningPlate_Silver_I,5584bb2b-2321-45d2-864d-f79ee37b4fcd,DiningPlate_Silver_A,
DiningPlate_Silver_J,c210cf1a-233a-4513-a2f5-de74f59a598d,DiningPlate_Silver_A,
DiningPlate_Silver_Elevated_A,c87a576a-01e2-4030-a511-86566bc834df,DiningPlate_Silver_A,
DiningPlate_Silver_Elevated_B,2d8a68b3-690d-4416-a3f1-2532e1c755a8,DiningPlate_Silver_A,
DiningPlate_Silver_Elevated_C,8c6027a6-7304-478e-9bd9-e4fe5d698d0f,DiningPlate_Silver_A,
OBJ_Kitchenware_Pan,50d62849-db3d-43e3-ad39-601922cf7aec,OBJ_KitchenwareGeneric_Medium,
OBJ_Kitchenware_Pan_B,2804f278-9e4b-49c8-8fc3-3ebc64cf78a5,OBJ_Kitchenware_Pan,
OBJ_Kitchenware_Pot,3f2fc28f-a00e-460a-a5ed-23887173c9b6,OBJ_KitchenwareGeneric_Medium,
OBJ_Kitchenware_Pot_B,d40952f0-3e83-4161-8af8-646d11cd6f27,OBJ_Kitchenware_Pot,
OBJ_Kitchenware_Pot_C,f3a92079-ffe4-4c27-8ea8-d9fdbf5631fa,OBJ_Kitchenware_Pot,
OBJ_Kitchenware_Pot_Drum,cfa3fe45-b54d-4c52-aa5d-d79bc80b398e,OBJ_Kitchenware_Pot,
OBJ_Kitchenware_Pot_Lid,19ac9e34-6b6e-4433-9c6f-26cc2c12e7c9,OBJ_KitchenwareGeneric_Medium,
OBJ_Chalice_Glass,17e92565-b2aa-4e53-b3ff-a4691a0fa69f,OBJ_Cup_Rich,
OBJ_Bottle,af808d7c-c8d6-4924-94a9-35bffd450803,_Loot,100
OBJ_Bottle_Potion,27df1535-9f58-4e24-b51b-ceef2cd1d8d8,_Loot,200
OBJ_Canteen,913341fe-1edc-4782-992f-606a3c3a493c,_Loot,300
OBJ_Demijohn,56813fb8-5862-4de7-9a11-5cc5b4160753,_Loot,700
OBJ_FishingRod_A,36dcf965-68c7-44a2-84ef-30df8323dc6e,_Loot,1000
OBJ_FishingRod_B,4edc7fa9-2365-45b1-baa2-7095e4431874,OBJ_FishingRod_A,
OBJ_FishingRod_C,7bf70e16-b4a8-47cb-a076-f777b1ebdbd2,OBJ_FishingRod_A,
OBJ_Metalbar_Bronze,5b386575-5836-40cd-8548-e5c27fd105a1,OBJ_GenericLootItem,1000
OBJ_Metalbar_Silver,e0803337-e2b1-4528-8d4f-b5814e9a52ec,OBJ_GenericLootItem,1000
OBJ_Metalbar_Gold,44f47718-9769-4c0e-af75-7789d2f2913d,OBJ_GenericLootItem,1000
OBJ_Idol_Selune,a8491759-fcb1-41bb-8290-035de4bd747f,OBJ_Metalbar_Silver,
OBJ_Book,bf6d9682-47cd-460c-972c-7a5d22514fdc,_Book,
OBJ_Book_Races_DrowSeldarineSchism,f0888a67-6099-40aa-93b4-812d6118cace,_Book,
OBJ_Incense,850a00c0-9ba7-4f23-948e-935b4eeb1cf8,_LuxuryItem,50
OBJ_Plate_Metal,ccb0c26b-8502-450a-96ff-cfa22bba8150,OBJ_GenericLootItem,
OBJ_Plate_Metal_B,77b5f8b1-e870-472d-84f9-429c8e1a4f34,OBJ_Plate_Metal,
OBJ_Plate_Ceramic,2d722150-9d33-48c0-9cc2-1dd25c10b533,OBJ_Plate_Metal,
OBJ_KitchenwareRich_Plate_A,2e7a33f1-e1d3-4698-88f1-841e21d6ea2c,_LuxuryItem,200
OBJ_KitchenwareRich_Plate_B,c89c5461-12c6-441e-8643-7501fc61f8cf,OBJ_KitchenwareRich_Plate_A,
OBJ_KitchenwareRich_Ceramic_Bowl_A,1a466559-9518-4215-90e4-1f99264e028a,_LuxuryItem,200
OBJ_KitchenwareRich_Ceramic_Bowl_B,adadcf9e-0a62-4abc-a9ee-c6a2b00a3394,_LuxuryItem,200
OBJ_KitchenwareRich_Cutlery_Fork_A,e7fe4425-78c4-4270-a745-a2a96ec740cb,_LuxuryItem,20
OBJ_KitchenwareRich_Cutlery_Knife_A,41f63854-1c50-454a-88c8-08dc696f7bc5,_LuxuryItem,20
OBJ_KitchenwareRich_Cutlery_Spoon_A,52028998-2e36-4c6f-801b-8fe202c5d0e8,_LuxuryItem,20
OBJ_Laboratory_Glass,4528c43d-f986-42ea-8189-6efedae49ba8,_LuxuryItem,
OBJ_MusicBox,fe651984-16d0-428a-bf15-7bee24a31f71,_LuxuryItem,200
OBJ_Painting,3826d249-55fb-4e3d-9c6f-b2383bc2c330,_LuxuryItem,2000
OBJ_KitchenInstrument_Mortar_A_Stone,95ed990a-f363-4eb1-908d-d48c353a3d62,OBJ_GenericLootItem,900
OBJ_KitchenInstrument_Spatula,b92c1b71-ecc3-45cc-b22d-f7a1ebc9e781,OBJ_GenericLootItem,
OBJ_KitchenInstrument_Strainer,7af5ac38-ae9a-4181-a451-8fd5d4248de1,OBJ_GenericLootItem,
OBJ_KitchenInstrument_CuttingBoard,ee3cfe20-977a-48d4-88cc-ac9501580cd6,OBJ_GenericLootItem,1000
OBJ_Shell_A,cc086b70-3ed9-489d-a53b-f5e88496fe06,_Loot,100
OBJ_Shell_B,fd0497e6-4f0a-40cb-87b4-0a58a53bbfdc,OBJ_Shell_A,
OBJ_Shell_C,7276e6f8-0928-4352-b186-162c03097a21,OBJ_Shell_A,
OBJ_Shell_Starfish_A,3cc28d1f-4279-45df-946c-0b09d934a7c1,OBJ_Shell_A,
OBJ_Shell_Venus_A,1ce2aa0b-30b0-4f60-827a-56a1448e2969,OBJ_Shell_A,
OBJ_InkPot,98f13cd0-0069-466f-bb6e-5b8964b46e66,_Loot,300
OBJ_InkPot_Open,16610661-e160-4030-b06f-dc12c4284ba0,OBJ_InkPot,
OBJ_Feather,4e0647d7-baec-46c2-bca2-86596ecbf1ed,_Loot,1
Toy_TeddyBear_Clean,1ac45157-d063-4314-8832-c50062a885dd,_Toys,
Toy_TeddyBear_Worn,62bc283a-9919-4f7c-b468-5303e0f97175,_Toys,
Toy_WoodenBlock_A,b0f10499-4e01-462f-894f-5b0fe9043b25,_Toys,
Toy_WoodenBlock_B,56738b6b-07de-472a-8b9f-d26262a96741,_Toys,
Toy_WoodenBlock_C,2e88f468-b34c-439e-b488-5d10715885c3,_Toys,
Toy_WoodenBlock_D,d40903a5-1b2d-4422-8868-d64e6f709988,_Toys,
OBJ_Scroll_AcidArrow,0fa4bdab-9ef1-4575-b063-b3e9d359d593,_MagicScroll,
OBJ_Scroll_Aid,3e85f140-2284-430b-b11f-2126cd85b567,_MagicScroll,
OBJ_Scroll_AnimalFriendship,3d992632-dc98-43b1-85e5-b59ba5a6aa9a,_MagicScroll,
OBJ_Scroll_ArmorOfAgathys,4e5450c5-1f4c-4949-b961-b8dc01993bb4,_MagicScroll,
OBJ_Scroll_Bane,b7801910-35ef-4333-a421-88ec232e2ef6,_MagicScroll,
OBJ_Scroll_Bless,968ab460-8abb-44a7-8d58-79881e136662,_MagicScroll,
OBJ_Scroll_Blur,a8b34fd5-d643-49ad-98d3-d5841492b338,_MagicScroll,
OBJ_Scroll_BurningHands,bc00df72-3c98-4bf2-9650-28e08f79b57c,_MagicScroll,
OBJ_Scroll_CharmPerson,2315f935-a188-4665-9ae0-986c7a9b0021,_MagicScroll,
OBJ_Scroll_ColorSpray,c7c92bc3-e856-4403-b509-9b0491f455cd,_MagicScroll,
OBJ_Scroll_CureWounds,a6202f9f-6509-418e-8a26-e82f291ba728,_MagicScroll,
OBJ_Scroll_DetectThoughts,126cc673-1151-4113-b1bf-98457233441b,_MagicScroll,
OBJ_Scroll_DisguiseSelf,b3376ca4-393c-4191-aa67-a02c94d6a236,_MagicScroll,
OBJ_Scroll_Entangle,cbf81744-7417-4414-b5c2-20af1f34f990,_MagicScroll,
OBJ_Scroll_FalseLife,7d76665a-3b9e-4495-a3c6-a05340704194,_MagicScroll,
OBJ_Scroll_FeatherFall,82cbfcd2-cf80-4acd-9f1f-51835693b0e6,_MagicScroll,
OBJ_Scroll_FireBolt,fdfe5d75-0e8b-47f8-b128-d57081cb8981,_MagicScroll,
OBJ_Scroll_FogCloud,dcb51bec-90bd-4d0a-942d-72034782bdf5,_MagicScroll,
OBJ_Scroll_Grease,094c9b7f-0b7d-4813-92ea-7267afb62b07,_MagicScroll,
OBJ_Scroll_GuidingBolt,5ed26e72-20e4-4418-99bc-6844ed504829,_MagicScroll,
OBJ_Scroll_HealingWord,8977878e-cd7d-4e7b-9db3-6d9b1485fae9,_MagicScroll,
OBJ_Scroll_HoldPerson,5e077657-8b5e-4e69-ae2e-95eab691fa41,_MagicScroll,
OBJ_Scroll_InflictWounds,4a9f3e21-e64d-487b-9fa7-86e4031f66b1,_MagicScroll,
OBJ_Scroll_Invisibility,6ed22182-90a6-418a-8aa7-909b9e77aa47,_MagicScroll,
OBJ_Scroll_Knock,4c1a886a-7db5-4e00-bbc6-d4243534f057,_MagicScroll,
OBJ_Scroll_LesserRestoration,9c04ad2b-3303-43ec-b7da-17c5d3738e97,_MagicScroll,
OBJ_Scroll_MageArmor,2ccab07d-0ccb-45e6-8f43-8ffb6a62da11,_MagicScroll,
OBJ_Scroll_MagicMissile,945cd4f0-991b-4663-b72e-790d49fee27e,_MagicScroll,
OBJ_Scroll_MistyStep,9a2a3fcc-d948-4463-b88b-a9d61b77b015,_MagicScroll,
OBJ_Scroll_PrayerOfHealing,fc58487b-e1c7-49fa-b6d6-6d381348f73a,_MagicScroll,
OBJ_Scroll_ProtectionFromEvilAndGood,03771ebc-83ca-45d2-8bd5-d382b6d6d824,_MagicScroll,
OBJ_Scroll_RayOfEnfeeblement,cd1da9c5-c9ea-4d2a-93ce-e201c97eded9,_MagicScroll,
OBJ_Scroll_RayOfFrost,f6cbfbb3-7eab-4f78-afde-073756c4e26d,_MagicScroll,
OBJ_Scroll_Revivify,c1c3e4fb-d68c-4e10-afdc-d4550238d50e,_MagicScroll,
OBJ_Scroll_ShieldOfFaith,41233b00-0d43-4dca-aadc-7672701efe51,_MagicScroll,
OBJ_Scroll_ShockingGrasp,a9ced623-a25d-4d2b-bca5-644b7230c869,_MagicScroll,
OBJ_Scroll_Silence,50dea81e-23cc-49f3-92f8-ed3267e553b0,_MagicScroll,
OBJ_Scroll_Sleep,2ce88bf0-fe06-46bd-b71e-18bc6dc8eb9d,_MagicScroll,
OBJ_Scroll_SpeakWithDead,36d01b98-1702-4d00-81a9-1b8469dd67a5,_MagicScroll,
OBJ_Scroll_SummonQuasit,f912ea9b-0e2f-45b4-b12d-fa6ec89dc758,_MagicScroll,
OBJ_Scroll_Web,2eedb4ac-47fa-4039-9684-8b4bb0923a26,_MagicScroll,
OBJ_Scroll_WitchBolt,e69f52a4-3d86-4f08-a9b4-c70ba4cc3070,_MagicScroll,
OBJ_GoldCoin,1c3c9c74-34a1-4685-989e-410dc080be6f,_Gold,0
OBJ_GoldPile,1c3c9c74-34a1-4685-989e-410dc080be6f,_Gold,
CONS_DRINK_Rum,f4ced9b8-6da3-4cd7-a3e0-a1a0d5058ec4,_DRINK_Alcoholic,1000
CONS_DRINK_Beer,f08cff83-241c-4b93-9e9a-5e06b292c689,_DRINK_Alcoholic,1000
CONS_DRINK_Wine,3525b96e-81ef-4411-960a-b1b305e139c6,_DRINK_Alcoholic,350
CONS_DRINK_Wine_Bottle,2a176188-5a1c-4e70-9be9-ca55502d00b2,_DRINK_Alcoholic,1000
CONS_DRINK_Wine_Bottle_Wicker,3525b96e-81ef-4411-960a-b1b305e139c6,CONS_DRINK_Wine_Bottle,
CONS_DRINK_Water,640302a8-d841-44d6-996d-2addda644306,_DRINK_NonAlcoholic,200
CONS_DRINK_Water_Bottle,640302a8-d841-44d6-996d-2addda644306,_DRINK_NonAlcoholic,1000
CONS_DRINK_Coffee,6b059833-31ec-481b-88b5-9c71c82340ec,_DRINK_NonAlcoholic,700
CONS_DRINK_Tea,2632cd60-bf42-49d4-88db-09308d030383,_DRINK_NonAlcoholic,700
CONS_DRINK_Milk,83133248-3c85-4b6d-adf3-2c6985146875,_DRINK_NonAlcoholic,700
CONS_DRINK_Oil,cbbfb594-d3ba-4519-8c15-5c35df5892e0,_DRINK_NonAlcoholic,70
CONS_FOOD_Bread_Bagel,d2d0d39b-9269-46d1-855d-dc25e18b1a6e,CONS_GenericFoodItem,200
CONS_FOOD_Bread_Baguette,7481a74a-d167-4205-b6a6-4e79ec2e17d9,CONS_GenericFoodItem,500
CONS_FOOD_Bread_Bun,e604f4cc-4c17-4f40-9864-c7de41d9c211,CONS_GenericFoodItem,200
CONS_FOOD_Bread_Loaf,e9e7db6c-d210-4dc4-ab0e-8458a506d0cc,CONS_GenericFoodItem,100
CONS_FOOD_Cheese,8cca8f05-63b2-4bff-8494-9609bf29af66,CONS_GenericFoodItem,800
CONS_FOOD_Cheese_Piece,06474f97-0dd0-45e6-8db8-5f75009bf336,CONS_GenericFoodItem,90
CONS_FOOD_Dinner,98fef0a1-726e-410b-867f-808915741d2f,CONS_GenericFoodItem,1250
CONS_FOOD_Egg,86849852-69de-482e-b7f6-ddc7f607c517,CONS_GenericFoodItem,90
CONS_FOOD_Egg_Rotten,be312dcb-8ff5-4f6e-bcad-516c6fb7c249,CONS_GenericFoodItem,90
CONS_FOOD_Fish,45a43504-e639-4c85-a901-da1de6cf4ee9,CONS_GenericFoodItem,500
CONS_FOOD_Fish_Big,d23adb3a-7722-4877-89fe-eceda296b25f,CONS_FOOD_Fish,
CONS_FOOD_Fish_Big_Headface,0db2c814-7825-4b14-979a-b3b8bfee0dd4,CONS_FOOD_Fish,
CONS_FOOD_Fish_Big_Headless,312f18f7-fe4b-49c8-bc81-c4042b99f897,CONS_FOOD_Fish,
CONS_FOOD_Fish_Small_A,0afb1949-b404-40fc-a84c-6acb9de7bc13,CONS_FOOD_Fish,
CONS_FOOD_Fish_Small_B,bf139970-1fd8-4cc0-bb27-d03e90bd4c44,CONS_FOOD_Fish,
CONS_FOOD_Fish_Small_C,2d484c26-e14d-4d91-a7a1-e437d6c99346,CONS_FOOD_Fish,
CONS_FOOD_Fish_Small_D,7c115cf9-2a08-413e-9875-e5aa7f5926e2,CONS_FOOD_Fish,
CONS_FOOD_Fish_Small_E,981187cd-28d2-486f-87c1-515a42699dcd,CONS_FOOD_Fish,
CONS_FOOD_Fries,bc2543fc-da0f-423a-9607-27f410c14c27,CONS_GenericFoodItem,100
CONS_FOOD_MashedPotato,ee4025e5-11f2-401a-8198-885120af0b6b,CONS_GenericFoodItem,500
CONS_FOOD_MashedPotato_Spill,0c2326a3-e01a-40f4-ab46-090fa4e812c6,CONS_GenericFoodItem,500
OBJ_FOOD_Chicken,96d05ed7-d2ed-45c2-aea5-1d5f940aa29b,OBJ_RawFoodIngredient,1000
OBJ_FOOD_Chicken_B,e040d5fe-cfd7-43f0-9edc-63fd05142650,OBJ_FOOD_Chicken,1000
OBJ_FOOD_Ham,01852753-22b9-4724-986b-8c9786b04010,OBJ_RawFoodIngredient,1000
OBJ_FOOD_Meat,caf51333-338f-41f1-8cf9-3474dad331d4,CONS_GenericFoodItem,3000
OBJ_FOOD_Meat_Grilled,c5af4dab-0cd4-4f84-8c2a-1e1987016099,OBJ_FOOD_Meat,
OBJ_FOOD_Meat_Grilled_B,df26272e-84ce-46b6-9ec7-ed4d300c3ac0,OBJ_FOOD_Meat_Grilled,
OBJ_FOOD_Meat_Grilled_C,1accb89d-27b7-486b-87a9-05a04239e239,OBJ_FOOD_Meat_Grilled,
OBJ_FOOD_PorkHead,7fc4314d-ac26-42e1-adfe-72a2c199fe78,OBJ_RawFoodIngredient,10000
OBJ_FOOD_PorkHead_B,fcfff2e8-d914-4731-a694-73f770e2f900,OBJ_FOOD_PorkHead,10000
OBJ_FOOD_PorkPiece,9981e7b4-13ff-42ff-8078-023396fc2221,OBJ_RawFoodIngredient,3000
OBJ_FOOD_PorkPiece_B,34c17e49-cdbe-4939-9e01-92453a203fbf,OBJ_FOOD_PorkPiece,3000
OBJ_FOOD_PorkPiece_C,52640540-c541-413d-8606-d0c83d670fe2,OBJ_FOOD_PorkPiece,3000
OBJ_FOOD_PorkPiece_D,52640540-c541-413d-8606-d0c83d670fe2,OBJ_FOOD_PorkPiece,3000
CONS_FOOD_Sausage,3c35d25a-0d61-4071-b35b-9359f52c2d46,CONS_GenericFoodItem,100
CONS_FOOD_Sausage_B,4272edf7-8343-4ab0-be42-cb21fba13d30,CONS_FOOD_Sausage,100
CONS_FOOD_Sausage_C,ac1879a6-ad3e-4b7a-bcb4-f6477fc36882,CONS_FOOD_Sausage,100
CONS_FOOD_Sausage_D,3c35d25a-0d61-4071-b35b-9359f52c2d46,CONS_FOOD_Sausage,100
CONS_FOOD_Sausage_Piled,005ee9c5-23d0-41e6-b4d7-cff4570bc5b5,CONS_GenericFoodItem,500
CONS_FOOD_Sausage_Piled_B,e044aa11-73ed-46b2-a202-e73e187c5c98,CONS_FOOD_Sausage_Piled,500
CONS_FOOD_Pizza,1267816d-2074-41e6-be8f-bfdf20b5f04f,CONS_GenericFoodItem,1000
CONS_FOOD_Porridge_Fruits,ac2561bf-1cb9-4f14-b4c0-0bf740fe9d46,CONS_GenericFoodItem,200
CONS_FOOD_Porridge_Potatoes,d3635b1b-4898-4eaa-8042-1aadfd7b56a7,CONS_GenericFoodItem,200
CONS_FOOD_Poutine,a845453d-5078-479d-9ec4-d7953e6da8c9,CONS_GenericFoodItem,250
CONS_FOOD_Pie_Salmon,8a039e47-d991-4808-a3ea-148f0c55f976,CONS_GenericFoodItem,500
CONS_FOOD_Soup_Pumpkin,5d20cf53-e360-440f-b2b1-9eddf40eb1ce,CONS_GenericFoodItem,500
CONS_FOOD_Soup_Tomato,912d53f2-8308-4e03-aa8f-4c9af6dd815f,CONS_GenericFoodItem,500
CONS_FOOD_Stew,70e0c819-5c33-4708-8250-3d5c9bfbfed0,CONS_GenericFoodItem,500
CONS_GEN_FOOD_Tart_Treacle,80e17dfc-f29e-4149-9c91-7b617efb0c77,CONS_GenericFoodItem,200
CONS_GEN_FOOD_Tart_Treacle_Spoiled,c5c39373-6a83-4a74-818a-da1642b9dfd0,CONS_GenericFoodItem,200
CONS_FOOD_Vegetable_Zucchini,74110a00-80ac-43c1-b727-c19f8c0c2e78,CONS_GenericFoodItem,200
CONS_FOOD_Fruit_Apple,e8bbe73a-e1dc-4d2e-910f-318db7aee382,CONS_GenericFoodItem,90
CONS_FOOD_Vegetable_Potato,d881ea26-7210-437f-a449-74e23f8a1301,CONS_GenericFoodItem,90
CONS_FOOD_Vegetable_Potato_Boiled,adefd765-cc35-4289-9468-4a1fef893f52,CONS_GenericFoodItem,90
CONS_FOOD_Fruit_Melon,463425df-d49f-4173-8146-0c66106cfe9d,CONS_GenericFoodItem,1000
CONS_FOOD_Fruit_Melon_Half,442dabe3-2c52-47ce-b669-33766564b3cc,CONS_GenericFoodItem,500
CONS_FOOD_Fruit_Melon_Piece,263a6645-fd3f-490d-8dec-744baca37cd2,CONS_GenericFoodItem,250
CONS_FOOD_Fruit_Grapes_Green,9d9665eb-89d4-4cdd-aa04-235a8ac51205,CONS_GenericFoodItem,50
CONS_FOOD_Fruit_Grapes_Purple,cd170c54-9c3e-48b7-9a86-94dfd1ad09c9,CONS_GenericFoodItem,50
CONS_FOOD_Vegetable_Garlic,743428c1-f916-4188-9162-20d38bfc166b,CONS_GenericFoodItem,50
CONS_FOOD_Fruit_Orange,0206650c-76b0-4ca3-9060-8efb5b739ede,CONS_GenericFoodItem,200
CONS_FOOD_Fruit_Lemon,6cd7804b-31c3-4eac-b9fd-c8692d609a08,CONS_GenericFoodItem,100
CONS_FOOD_Fruit_Kiwi,5e352346-e89f-4af8-a668-72f718274f62,CONS_GenericFoodItem,50
CONS_FOOD_Fruit_Pear,1a0fe0fc-08e4-4e9c-aba8-5312ddd4e0ae,CONS_GenericFoodItem,200
CONS_FOOD_Vegetable_Lettuce,1d078894-ac38-4add-aac8-fcdf0aca4d4b,CONS_GenericFoodItem,500
CONS_FOOD_Vegetable_Pepper,56cb4280-8c36-4b16-9852-834e45942ae0,CONS_GenericFoodItem,90
CONS_FOOD_Vegetable_Pumpkin,4a243e31-87aa-4490-b42f-a0403caf0230,CONS_GenericFoodItem,1000
CONS_FOOD_Vegetable_Tomato,27e3719a-884a-4739-a3f4-0850623c623b,CONS_GenericFoodItem,150
CONS_FOOD_Vegetable_Carrot,a0aea0ba-0859-4352-a069-69a16e1e4401,CONS_GenericFoodItem,200
CONS_FOOD_GoatMeat,4b97e595-993d-403a-971c-19723bf0a6d0,CONS_GenericFoodItem,1000
CONS_FOOD_YellowOnion,746153c2-5aa1-440d-819d-b93dc31b7e10,CONS_GenericFoodItem,100
CONS_FOOD_GlowcapMushroom,1463c8da-2f73-4768-b5e3-3b9048901d93,CONS_GenericFoodItem,90
CONS_FOOD_PaleMint,f35fb09a-696a-41f6-ac04-f9447332d56e,CONS_GenericFoodItem,50
CONS_FOOD_FungusSalad,f1362bfb-6fe3-46f3-b164-135a034572cb,CONS_GenericFoodItem,300
CONS_FOOD_PezhKuresh,31c64c2b-fafb-4d53-8f46-303571508775,CONS_GenericFoodItem,250
CONS_FOOD_RoastedPig,a6848154-bc81-44fa-a344-8dbd020b16ae,CONS_GenericFoodItem,1000
CONS_FOOD_Ration,363a11bf-9209-4614-9947-e49de5d0bf58,CONS_GenericFoodItem,1000
CONS_FOOD_Paella,f551fd03-7e8f-4395-bc9e-0a27689058df,CONS_GenericFoodItem,500
CONS_FOOD_Seafood,926f9e2e-2852-4362-a051-ea6eddac29a4,CONS_GenericFoodItem,750
CONS_FOOD_Soup,87c1c0ef-3e73-4ab8-ac1e-7817d5dbb50d,CONS_GenericFoodItem,500
CONS_Herbs_Autumncrocus,06f3a0c4-af50-4a79-8c1a-1ace6d1282f2,_Alchemy_Herbs,
CONS_Herbs_Balsam,fb318355-d2d9-48c5-8ef1-d0e574cef0d5,_Alchemy_Herbs,
CONS_Herbs_Belladonna,897f5ff9-d889-4b78-a1d7-afa88ccaadb3,_Alchemy_Herbs,
CONS_Herbs_Daggeroot,12126dc3-50ce-48cd-836f-c4d769a85134,_Alchemy_Herbs,
CONS_Herbs_Mergrass,0a494c98-84c0-4055-8208-0e363bd53ed3,_Alchemy_Herbs,
CONS_Herbs_Mugwort,a0776643-f25b-4aef-a025-bff959d8dd0f,_Alchemy_Herbs,
CONS_Herbs_Weavemoss,0a64fa93-9123-4810-a656-2c8b27c87563,_Alchemy_Herbs,
CONS_Herbs_Wispweed,4faa8cef-27ee-4085-aa90-78fcf8e2e72d,_Alchemy_Herbs,
CONS_Mushrooms_Bonecap,e9f6d6d3-bd95-414d-903a-b697bb222ae7,_Alchemy_Mushrooms,
CONS_Mushrooms_BullywugTrumpet,4c7df0ef-2262-472f-af6e-9289a78cf371,_Alchemy_Mushrooms,
CONS_Mushrooms_DragonEggMushroom,19c9becf-ab0e-4e2f-9253-12456ff9b465,_Alchemy_Mushrooms,
CONS_Mushrooms_RoguesMorsel,a09f8033-f5d8-44de-97ad-09499d967989,_Alchemy_Mushrooms,
CONS_Mushrooms_Nightlight_Piece,7a164775-4a77-47a4-a8b2-5bd5bdc311cf,_Alchemy_Mushrooms,
CONS_Mushrooms_SilvanTruffle,1e6070d3-74e5-4c42-933a-2f151e6b5a0f,_Alchemy_Mushrooms,
CONS_Mushrooms_SwarmingToadstool,0180607d-dbf8-48e6-98d9-89e67aa9f13a,_Alchemy_Mushrooms,
CONS_SporeSac_Haste,b51dc995-a1c9-42bd-bb0c-3c420d1a8f41,_Alchemy_Mushrooms,
CONS_SporeSac_Pacify,536ed114-9bac-43f1-90a8-a12345d65747,_Alchemy_Mushrooms,
OBJ_MF_StrangeLoot_A,1fd5d25c-806e-44ea-9f52-20df63a44e98,_BodyParts,1000
OBJ_MF_StrangeLoot_B,10b6acda-aa4e-46b1-aa9a-e45ab914a28d,_BodyParts,4000
OBJ_MF_StrangeLoot_C,e7b8d439-94af-424f-859d-7a07df0160a4,_BodyParts,3000
OBJ_Myconid_Flesh,a6cafd7d-5e3b-4683-85c0-a981a91ca781,_BodyParts,2500
INGR_SeashellConch,cc086b70-3ed9-489d-a53b-f5e88496fe06,_Ingredient,
OBJ_Potion_Healing,d47006e9-8a51-453d-b200-9e0d42e9bbab,_Potion,
OBJ_Potion_Healing_Greater,e3b95c96-dc26-40fe-bfc0-baa05e1abd20,_Potion,
OBJ_Potion_Healing_Superior,df4f3495-abaf-4732-b82f-55bcccd561db,_Potion,
OBJ_Potion_Healing_Supreme,7d78f227-e8d4-486d-8121-25cf0bee751d,_Potion,
OBJ_Potion_Poison_A,f1ca893c-f665-4a63-9a5a-6eb2ba338534,_Potion,
OBJ_Potion_Sleep,7090a500-c392-4566-a79f-0c9453323bc8,_Potion,
OBJ_Antitoxin,f0c7d8bb-85e9-4937-96bb-49ba69d28631,_Potion,
OBJ_Potion_Bottle_Breath,98ed535a-269e-42a9-a488-e57976729319,_Potion,
OBJ_Potion_Of_Fire_Breath,55fc1672-14fc-4386-82c2-ec3ca0fd3f6a,_Potion,
OBJ_Potion_Of_Animal_Speaking,447ee8a9-9319-4758-9dc7-2d8ba94e45b5,_Potion,
OBJ_Potion_Elixir_Of_Health,f75e153a-e357-49f9-9f51-0bfeffb8e00f,_Potion,
OBJ_Potion_Gaseous_Form,0138e3a4-4576-45a8-8592-85fa9adaee59,_Potion,
OBJ_Potion_Of_Flying,61aa04ae-d36d-4548-aa95-21a066e62235,_Potion,
OBJ_Potion_Of_Hill_Giant_Strength,c69fb092-2f4f-4688-82b6-7d92405626b1,_Potion,
OBJ_Potion_Of_Cloud_Giant_Strength,e6490cc8-7f81-4aac-95e8-a58ce5e88a31,_Potion,
OBJ_Potion_Of_Shrinking,9e4f294c-5567-47eb-a1e6-cd04199bc596,_Potion,
OBJ_Potion_Of_Heroism,bb27cc17-5af9-4d53-818b-3e620f3f59f2,_Potion,
OBJ_Potion_Of_Speed,ad9f3f24-d755-48b6-aa7b-c34da068209f,_Potion,
OBJ_Potion_Of_Vitality,0df06118-c4c3-4521-a6f5-f94ead4abb6c,_Potion,
OBJ_Potion_Of_Invulnerability,7eb0b7b6-97fa-4ff5-a7bb-570ca11a3c64,_Potion,
OBJ_Oil_Of_Slipperiness,a61f62e4-fbf2-44aa-95c6-f0f0884e9023,_Potion,
OBJ_Oil_Of_Sharpness,84eedc44-3b1b-49c4-9417-9e5a99ea6e56,_Potion,
OBJ_Oil_Of_The_Basilisk,212ca846-4766-4370-8847-454e59751598,_Potion,
OBJ_Potion_Of_Invisibility,809d5026-4896-4b3a-986e-95da58da77e2,_Potion,
OBJ_Potion_Of_Acid_Resistance,491921dd-5c64-45da-a150-7ff7030705f7,_Potion_Of_Resistance,
OBJ_Potion_Of_Poison_Resistance,ae28b14c-0881-45fe-8237-9fcb1c951d3d,_Potion_Of_Resistance,
OBJ_Potion_Of_Fire_Resistance,2608c096-a0f5-4172-ad04-c1b170e10d95,_Potion_Of_Resistance,
OBJ_Potion_Of_Cold_Resistance,ce8a15ef-be30-4af1-9ecb-ebfcf8b637a9,_Potion_Of_Resistance,
OBJ_Potion_Of_Lightning_Resistance,05257244-ab59-4eab-9745-d1fea7b8cd10,_Potion_Of_Resistance,
OBJ_Potion_Of_Thunder_Resistance,1ada79f3-5993-4be2-908e-d397c395905a,_Potion_Of_Resistance,
OBJ_Potion_Of_Force_Resistance,71efff8a-d8fe-4aeb-8ea6-22d076021fca,_Potion_Of_Resistance,
OBJ_Potion_Of_Psychic_Resistance,164ac6f3-8f93-4d74-9f72-e7c49723dedb,_Potion_Of_Resistance,
OBJ_Potion_Of_Necrotic_Resistance,f3c0aefb-a399-42c6-8d85-7fdceb6d18f5,_Potion_Of_Resistance,
OBJ_Potion_Of_Radiant_Resistance,58142e85-57d4-4bdf-b7f1-04f5804bcce6,_Potion_Of_Resistance,
OBJ_BasicPoison,28645376-e6e8-436a-8e9a-c62877fae07d,_Poison,
OBJ_SerpentVenom,b0385b93-f525-4740-8126-471a76fa31a2,_Poison,
OBJ_WyvernPoison,eca393b0-3f8e-4862-814b-9e236a0d4129,_Poison,
OBJ_PurpleWormPoison,56e531e9-78e4-430b-bc98-611c1b1ccd08,_Poison,
OBJ_AssassinsBlood,ee5d2d95-7451-4c4e-b58e-6c211e7fc96b,_Poison,
OBJ_CrawlerMucus,5865caed-4a5d-45b7-b365-1113334a8e7b,_Poison,
OBJ_DrowPoison,f528a334-bdb3-4cf1-b74c-0e08942daeb1,_Poison,
OBJ_EssenceOfEther,6dae19c6-685d-4a06-9ecf-10df814932dc,_Poison,
OBJ_Malice,d990fefe-e0f3-46ba-915e-35aebc6c6599,_Poison,
OBJ_AcidBottle,3850ec1a-d951-45b7-9363-dc82e20bd28a,_Grenade,
OBJ_Bag_BlackPowder,08c75e58-6e70-469a-a22e-44c184995e6c,_Grenade,
OBJ_BallBearings,77292f7d-ff64-4a04-9a6f-c37b0cb10a62,_Grenade,
OBJ_Bomb,278271f9-3fbc-4cf7-a5dc-b36527f521b2,_Grenade,
OBJ_Caltrops,45eb32fb-47c3-445a-858a-57179bfa15df,_Grenade,
OBJ_FireBottle,0b1aa718-fe45-4e4c-8811-ced51c581075,_Grenade,
OBJ_GreaseBottle,e2968a2e-bc83-4d50-99ef-39ce78d2d630,_Grenade,
OBJ_HolyWaterFlask,b878380f-7248-4b06-83f8-2d26055497c8,_Grenade,
OBJ_MindflayerBulb_Caustic,1fd5d25c-806e-44ea-9f52-20df63a44e98,_Grenade,
OBJ_MindflayerBulb_Spiked,249ff64e-818b-4dc8-919b-7f297f64a2a3,_Grenade,
OBJ_MindflayerBulb_Vacuum,10b6acda-aa4e-46b1-aa9a-e45ab914a28d,_Grenade,
OBJ_Net,1be83721-5f37-418b-bca5-7dc45c144fa5,_Grenade,
OBJ_Philter_Of_Love,65d0bfbd-8666-4c9e-8a70-ce5f1098072c,_Grenade,
GRN_Spore_Haste,b09296f1-2bc3-422e-8735-c13e83ac8801,_Grenade,
OBJ_ArrowOfFire,9a142fae-bcea-4e88-a407-16d3b27468b9,_Arrow,
OBJ_ArrowOfDetonation,a0985797-4ec7-475c-8e11-0361e387f39a,_Arrow,
OBJ_ArrowOfIce,2e297d80-823b-4200-926e-6ca23f488090,_Arrow,
OBJ_ArrowOfAcid,0bfb72d2-0e8e-4d16-aeae-3159b0d4b195,_Arrow,
OBJ_ArrowOfLightning,1b0f095b-cb22-4bf9-aecf-4e5a26504ec8,_Arrow,
OBJ_ArrowOfDarkness,844c19ce-9e8f-4119-8856-8fa2029461b1,_Arrow,
OBJ_ArrowOfPiercing,eee2f284-1a42-462a-8b38-50bd2e3885c5,_Arrow,
OBJ_ArrowOfRicochet,b11b3f7f-d8ec-41db-93b9-24474aea31e3,_Arrow,
OBJ_ArrowOfAntimagic,c9871e4a-633e-4b81-9115-8ffd0f69ee6a,_Arrow,
OBJ_ArrowOfDispelling,ac23602b-ceee-4ef3-a6b8-601e40a5aa6f,_Arrow,
OBJ_ArrowOfTeleportation,4cf7bbbb-1d1b-4bec-b82a-cdc3cce33f7a,_Arrow,
OBJ_ArrowOfWraithsEmbrace,a61c8248-1595-450f-bcc9-2ed1d9853739,_Arrow,
OBJ_ArrowOfAberrationSlaying,1545f451-3fc5-4c1b-970e-572f9ace630c,_Arrow,
OBJ_ArrowOfBeastSlaying,86e46f4a-6789-47ef-ab85-449ca36b1b20,_Arrow,
OBJ_ArrowOfCelestialSlaying,f516862d-5a05-426a-a8a1-1486b35b68f8,_Arrow,
OBJ_ArrowOfConstructSlaying,86a4dd98-80b1-4778-b498-e3a49b1dec37,_Arrow,
OBJ_ArrowOfDragonSlaying,437835b4-0d13-47b7-8aca-5da4f948783b,_Arrow,
OBJ_ArrowOfElementalSlaying,0d81014f-cc7f-4c79-9477-b8cda9738c72,_Arrow,
OBJ_ArrowOfFiendSlaying,04ba10a0-ca33-47e6-9810-0b7234700c4a,_Arrow,
OBJ_ArrowOfGiantSlaying,a86bf6b2-2e75-4464-ad65-2bafa89e73aa,_Arrow,
OBJ_ArrowOfFeySlaying,21a2ef96-97ac-4372-95d7-676174610abc,_Arrow,
OBJ_ArrowOfHumanoidSlaying,3c2c6a61-e348-4222-9ba3-58a4d49d558c,_Arrow,
OBJ_ArrowOfMonstrositySlaying,d7645507-6c0c-48ff-aa1b-57092d139f22,_Arrow,
OBJ_ArrowOfOozeSlaying,5931f0c7-ddd7-4e3b-aeef-64b0e7eefb70,_Arrow,
OBJ_ArrowOfPlantSlaying,ab4ed528-cf26-417d-a751-981f7c83066f,_Arrow,
OBJ_ArrowOfUndeadSlaying,ae58df6b-0fc9-48ff-9d36-52bf9bc22204,_Arrow,
OBJ_Tool_Hammer,c2a14b56-9dca-4ad1-bcea-71204365f6a9,_Tool,2000
OBJ_Tool_Tong,50d8cbfb-c98f-4013-8c67-53b3767a9bd9,_Tool,1000
OBJ_Tool_Shovel,73efd1f7-5616-4ca8-84e6-6128aa6efaea,_Tool,600
OBJ_Tool_IdentifyingGlass,a63fa775-bd30-4753-8c63-395aa5e9d03c,_Tool,50
OBJ_Tool_Shears,95830031-4150-4a57-ade7-f80bcd9b45e2,_Tool,
OBJ_Kit_Disguise,239edfa9-46b4-44ad-b0c4-faa4421a8a57,_Kit,
OBJ_Kit_Forgery,5114c34c-d779-46d9-ae98-d15a0ff0ac31,_Kit,
OBJ_Kit_Poisoner,29ac515d-7c7f-4583-bc55-c8e88bc26980,_Kit,
OBJ_Kit_ThievesTools,e32a200c-5b63-414d-ae57-00e7b38f125b,_Kit,
OBJ_Kit_TrapDisarm,22c74b5e-bef2-41b1-b9ed-f4acc766d4ee,_Kit,
OBJ_Music_Bagpipes,07883b2c-aec5-47bb-955d-512d0db9bd6f,_Music,2600
OBJ_Music_Drum_Big,868fa1ab-8044-4a82-9c2b-bf4ffb241536,_Music,
OBJ_Music_Drum_Small,4c9ea428-7679-434c-9679-071847c648a6,_Music,1000
OBJ_Music_Drum_Sticks,51fff967-9d94-43f0-bdd3-0536446a66cc,_Music,100
OBJ_Music_Dulcimer,297bc1f8-6e3d-437b-aeb3-afa7bda2cae4,_Music,5000
OBJ_Music_Flute,848ad8dc-59f3-464b-b8b2-95eab6022446,_Music,400
OBJ_Music_GuitarLute,f2487101-548f-4494-9ec8-b20fa3ad6f7b,_Music,
OBJ_Music_GuitarLute_Broken,79b74639-066c-4099-87de-30d435a78f3e,_Music,900
OBJ_Music_Horn,cc0e5642-fed1-425a-a997-20b94b2ff696,_Music,
OBJ_Music_Lyre,13739f15-7366-4d7f-9926-991e98b9e964,_Music,
OBJ_Music_PanFlute,9403dddc-a7f3-49c9-8fcc-02eb87ba2568,_Music,600
OBJ_Music_Shawm,8cbd9eb5-4af2-431b-9044-725507cd0448,_Music,1000
OBJ_Music_Viol,5ec5cdf2-cbe3-42bb-b55b-bc6043c76469,_Music,
OBJ_Music_Viol_Bow,ea4b444e-add2-4cac-a330-fc24047427cd,_Music,50
QUEST_PortableHole,209445cc-3b30-45d8-8109-9885f3614d0d,OBJ_GenericImmutableObject,1000
OBJ_Destr_Wall_Stone,f0b8705f-bc6f-44a2-b6f7-521f4524e179,_BaseItem,500000
OBJ_Destr_Wall_Wood,d374f147-8d09-4972-9261-b729d955b7d2,_BaseItem,40000
OBJ_Destr_Support_Wood,96b6edfc-e1c7-4349-b3ac-ef3ca63440c2,_BaseItem,40000
OBJ_Destr_Support_Stone,92d84f39-5532-4649-a4b0-f4498b12cb34,_BaseItem,500000
OBJ_MinorIllusion,63a52705-056b-4736-91ee-66b839de2afe,_BaseItem,1
OBJ_Tripwire,b8990625-9d03-4227-801b-95820488316a,_BaseItem,100
OBJ_Mushroom_ToxicWall_Barrelstalk,5f096886-819e-42ec-83e2-1614ddc2a98c,_BaseItem,30000
OBJ_Barrel_Filled_Smokepowder,9c875b66-4024-487f-b67c-0c175538eb5c,OBJ_Barrel_Filled,
OBJ_ThrowingRock,27f77a61-a259-4fe2-9d7d-d94d2f0a5bee,OBJ_GenericLootItem,
OBJ_THR_Boulder,c57161c0-bb24-42f2-9961-6795bab5e469,_Thrown,300000
OBJ_THR_BrokenShipsPart,914f4753-7cb1-4849-9005-8abc0335ada2,_Thrown,120000
OBJ_THR_TreeTrunk,b243af3d-6243-453f-90da-dbd8dc540f63,_Thrown,70000
OBJ_THR_BrokenColumn,d2188460-9932-4cc1-b9af-628ad707a617,_Thrown,90000
OBJ_THR_Stoup,e191f9ef-119d-4275-803d-01fe25d8620f,_Thrown,100000
OBJ_THR_Anvil,2bb3ae90-316a-476c-8af3-507940aa7467,_Thrown,500000
OBJ_THR_CauldronBoilingWater,42e887b5-a14f-431e-bdf9-ae1abe7ea58b,_Thrown,40000
OBJ_THR_BagRottenFood,0487c10f-02cb-4f9b-821e-4077340f10d7,_Thrown,1000
OBJ_THR_GiantSpiderEggSack,a2206554-7a9f-49c0-a274-84279cc9afa4,_Thrown,30000
OBJ_THR_GruesomeBucket,264e3526-f09f-4538-b3a7-eb33dd1299f8,_Thrown,50000
OBJ_BibberbangMushroom,ba629b1b-a058-4386-808f-bf1b08b2c0ad,_Destructible,
OBJ_TorchstalkMushroom,eb573ec5-0af1-43da-87de-7fc130b365d7,_Destructible,
OBJ_TimmaskMushroom,c71ea964-2ea5-4a3b-aa72-e67f7bf42daf,_Destructible,
